feed_url,label
http://feeds.feedburner.com/blogspot/Arthro-Pod,Arthro-Pod
http://feeds.feedburner.com/minecraftvideo,Minecraft Me - SD Video
http://www.suggesteddonationpodcast.com/blog?format=rss,podcast - Suggested Donation
https://22147761.hs-sites.com/podcasts/196809873179/rss.xml,Beyond the Bench
https://adexchanger.libsyn.com/rss,AdExchanger
https://anchor.fm/s/1017b5050/podcast/rss,"DDT Method Podcast — Peptides, Performance Enhancement and Advanced Protocols with Drew Donaldson"
https://anchor.fm/s/1032ac05c/podcast/rss,SUIT YOURSELF - a menswear podcast
https://anchor.fm/s/10449e300/podcast/rss,GO BLUE HOOPS with Tim McCormick!
https://anchor.fm/s/1044b25a8/podcast/rss,Bloodlines and Backdrops : The Secrets of Mystic Falls
https://anchor.fm/s/10555e14/podcast/rss,Jaffari Community Centre
https://anchor.fm/s/106f6b63c/podcast/rss,Cooked In The Comments
https://anchor.fm/s/10743ca44/podcast/rss,Geek Punch
https://anchor.fm/s/107fd5c20/podcast/rss,"Grimerica Radio | Alternative History, Consciousness and Hidden Knowledge Podcasts"
https://anchor.fm/s/10a22c30/podcast/rss,Otaku Melancholy
https://anchor.fm/s/10c0fc3fc/podcast/rss,Set Piece Pod
https://anchor.fm/s/10c7ee46c/podcast/rss,Tank Guide Life — a product of FishKeepingLifeCo
https://anchor.fm/s/10cff3540/podcast/rss,The Young Stoics
https://anchor.fm/s/10d5f4da4/podcast/rss,The HazMat Guys
https://anchor.fm/s/10db60540/podcast/rss,BackTrak by TmrO
https://anchor.fm/s/10f00ce1c/podcast/rss,Housekeeping 101: The Clean Home Guide
https://anchor.fm/s/10f5742ec/podcast/rss,The Immaculate Podcast
https://anchor.fm/s/110738fc8/podcast/rss,Anime Eki - Anime Podcast アニメ駅
https://anchor.fm/s/110d6dd44/podcast/rss,It's Giving - Podcast
https://anchor.fm/s/111880bdc/podcast/rss,Nontendo Podcast
https://anchor.fm/s/111f2a550/podcast/rss,Lawyer Unleashed
https://anchor.fm/s/11273d1ac/podcast/rss,Sky & Air
https://anchor.fm/s/11316b8cc/podcast/rss,Let's Talk - JAWS
https://anchor.fm/s/137d5650/podcast/rss,Delusional Otaku
https://anchor.fm/s/1ad461dc/podcast/rss,Salish Wolf
https://anchor.fm/s/1d3de95c/podcast/rss,Pokémon Podcast
https://anchor.fm/s/21729770/podcast/rss,What is it like to be a Corporate Flight Attendant
https://anchor.fm/s/2c1a02f8/podcast/rss,Travis Scott
https://anchor.fm/s/2e747010/podcast/rss,The Deeply Graphic Designcast - DGDC
https://anchor.fm/s/2e9053e8/podcast/rss,Hellenic Polytheism 101
https://anchor.fm/s/3104d5f4/podcast/rss,Organic Chemistry means Ajnish Sir
https://anchor.fm/s/33843608/podcast/rss,We're Watching What?!
https://anchor.fm/s/35e6136c/podcast/rss,Capsule Closet Stylist
https://anchor.fm/s/38c9be80/podcast/rss,Making Docs
https://anchor.fm/s/3941060c/podcast/rss,D4DJ presents Peaky P-keyの最頂点Mix
https://anchor.fm/s/3d345e58/podcast/rss,The Ashlee and Jessicast
https://anchor.fm/s/410510b8/podcast/rss,Around the Wicket
https://anchor.fm/s/45b67494/podcast/rss,The Podcaster
https://anchor.fm/s/46596a28/podcast/rss,Mic'd Up
https://anchor.fm/s/56915784/podcast/rss,Sword Art Online Novel Readings
https://anchor.fm/s/57970174/podcast/rss,Ex-Jehovah's Witness Stories
https://anchor.fm/s/5b25177c/podcast/rss,Rabbi Shmuel Silber
https://anchor.fm/s/608bc6ac/podcast/rss,Masters in Travel
https://anchor.fm/s/6754af80/podcast/rss,D3 Glory Days Podcast
https://anchor.fm/s/69d2611c/podcast/rss,Aprendiendo Númerologia
https://anchor.fm/s/7040e0a0/podcast/rss,Hognose Talk
https://anchor.fm/s/7ce1ab28/podcast/rss,The Girly Homesteader Podcast: NOT the Typical Homestead Show (Gardening/Seasonal Living/Chickens)
https://anchor.fm/s/824f2c0c/podcast/rss,The Wes Anderson-a-thon
https://anchor.fm/s/8a45d8d4/podcast/rss,On The Water
https://anchor.fm/s/953c06dc/podcast/rss,No Lames Podcast
https://anchor.fm/s/ad2c68e0/podcast/rss,Better With Glasses: A The Summer I Turned Pretty Podcast
https://anchor.fm/s/b9c61330/podcast/rss,ابن عثيمين - ibnothaimeen
https://anchor.fm/s/bdeadf40/podcast/rss,Clutch Burners Podcast
https://anchor.fm/s/c3e7575c/podcast/rss,Frogs Insider
https://anchor.fm/s/d11c4f7c/podcast/rss,10分!?天体ばなし　～宙が好きすぎて～
https://anchor.fm/s/d95a3190/podcast/rss,Hunt-Find-Alert: K9 Search and Rescue Community
https://anchor.fm/s/da833e18/podcast/rss,SoundStart
https://anchor.fm/s/dd3b9ec0/podcast/rss,ISNA Canada Podcast
https://anchor.fm/s/df8b04cc/podcast/rss,The Dr. Doug Show
https://anchor.fm/s/e01539a8/podcast/rss,The Collective Us: An NMCAA Podcast
https://anchor.fm/s/ea7d3eb8/podcast/rss,Nonprofit Marketing Club
https://anchor.fm/s/ec296174/podcast/rss,"""Sete di Tennis"" condotto da Federico Ferrero"
https://anchor.fm/s/eee5b1ec/podcast/rss,Gen Zenophobic
https://anchor.fm/s/f0879a4c/podcast/rss,Run With Jo
https://anchor.fm/s/f3e483a8/podcast/rss,Water Cowboys Podcast
https://anchor.fm/s/f47926d4/podcast/rss,Hospitality Leadership Podcast - Restaurant and Hotel Leadership.
https://anchor.fm/s/f5eaf4c0/podcast/rss,Critical Role Abridged
https://anchor.fm/s/f8adbe40/podcast/rss,Hockey Card Haven
https://anchor.fm/s/f9c71614/podcast/rss,The Chronicles of The King Podcast
https://anchor.fm/s/fb98d4f0/podcast/rss,A Good Dog's Guide to Obedience
https://anchor.fm/s/fbc4f4a4/podcast/rss,The 007 Files
https://anchor.fm/s/fcf83ea8/podcast/rss,Rogue330 Volleyball FanCast
https://anchor.fm/s/fe9b5a74/podcast/rss,Moon Piece Podcast
https://anchor.fm/s/ff2e2c64/podcast/rss,The Adventures of Zevy & Zaidy
https://anchor.fm/s/ffe1fe60/podcast/rss,Muslim Founder
https://api.riverside.com/hosting/uvNWvu9R.rss,Lionhead Forge
https://api.riverside.fm/hosting/6jETRVOy.rss,"Love, Sex, and Applied Behavior Analysis"
https://api.riverside.fm/hosting/SwoqhkcK.rss,"Frankly, My Dear : Classic Hollywood was Bananas"
https://api.riverside.fm/hosting/V6O6MX9Y.rss,Crochet Conversations
https://api.riverside.fm/hosting/dUfekPIV.rss,Questionable Calls - The Tennis Lifestyle Podcast
https://api.riverside.fm/hosting/i9ybKCnp.rss,Hoops Collectors: Basketball & Sports Cards Podcast
https://api.riverside.fm/hosting/pRB5dg4h.rss,Funding Bravely
https://api.riverside.fm/hosting/qxIIZejq.rss,The Dental LABCast
https://api.substack.com/feed/podcast/6203843.rss,Turbulence
https://app.kajabi.com/podcasts/2147817279/feed,The Affirming Minds Podcast
https://atomicinsights.com/feed/podcast,The Atomic Show
https://audioboom.com/channels/5090915.rss,"Kathleen Can Do It: DIY, Home Decor, and Interior Design"
https://careers.podcast.ismaili/feed.xml,Careers of the Future
https://columbopodcast.com/feed/podcast,The Columbo Podcast
https://consumerfinancemonitor.libsyn.com/rss,Consumer Finance Monitor
https://djluttz1.podomatic.com/rss2.xml,Dance Classics mixed by Dj Luttz
https://dogcastradio.com/dogcastradio.xml,DogCast Radio - for everyone who loves dogs
https://fast.wistia.com/channels/q933rnv72b/rss,TurfNet Podcasts
https://feed.firstory.me/rss/user/cl55om7v70ekf01t9ff6n3tkt,The Hong Kong On Screen Podcast
https://feed.firstory.me/rss/user/cmp7y5ptp03ue01ut5khr620d,Live Cricket TV
https://feed.podbean.com/HollywoodvsHollywood/feed.xml,Hollywood vs. Hollywood
https://feed.podbean.com/Tarotisfckingcool/feed.xml,Tarot Is F*cking Cool
https://feed.podbean.com/TheBalancedMomtality/feed.xml,"Pelvic Floor, Core & More | Healing Beyond Kegels: Core Rehab, Prenatal Fitness, Birth Prep, Postpartum Recovery, Nervous Sys"
https://feed.podbean.com/TheFunnyMuclePodcast/feed.xml,The Funny Muscle Podcast
https://feed.podbean.com/akashthakkar/feed.xml,Sound Business with Akash Thakkar
https://feed.podbean.com/apronbump/feed.xml,The Apron Bump Podcast
https://feed.podbean.com/dandman77/feed.xml,The Heavy Desert Podcast
https://feed.podbean.com/filolimorninginthegarden/feed.xml,Morning in the Garden
https://feed.podbean.com/flourishaftercancer/feed.xml,The Flourish After Cancer Podcast
https://feed.podbean.com/followingthephotons/feed.xml,Following the Photons: A Photonics Podcast
https://feed.podbean.com/gribetzsid/feed.xml,The Gone Sounds of Jazz with Sid Gribetz
https://feed.podbean.com/helloetj/feed.xml,Salem The Podcast
https://feed.podbean.com/irregularwarfareinsider/feed.xml,Insider: Short of War
https://feed.podbean.com/missionwhitetail/feed.xml,Mission Whitetail
https://feed.podbean.com/mordyshteibel/feed.xml,The Mordy Shteibel’s Podcast (Rabbi Binyomin Weinrib)
https://feed.podbean.com/nerdyjockproductions/feed.xml,NerdyJock Media Anime Podcast
https://feed.podbean.com/nosmallgames/feed.xml,No Small Games
https://feed.podbean.com/podcast.altium.com/feed.xml,OnTrack: The PCB Design Podcast
https://feed.podbean.com/pubtriviaexperience/feed.xml,Pub Trivia Experience
https://feed.podbean.com/redsflyshop/feed.xml,The MEND Fly Fishing Podcast
https://feed.podbean.com/retrainyourbrain/feed.xml,"Retrain Your Brain | Nervous System Regulation, Chronic Illness Healing, Brain Retraining Support"
https://feed.podbean.com/stoicstrategies/feed.xml,The Stoic’s Guide Podcast by Brad Young
https://feed.podbean.com/supportih/feed.xml,The Functional Fueling® Podcast
https://feed.podbean.com/thefilmscorer/feed.xml,The Film Scorer
https://feed.podbean.com/williamjevning/feed.xml,CREEK DEVIL
https://feeds.acast.com/public/shows/6006561ba27f7829922ef087,Team Blaney Podcast
https://feeds.acast.com/public/shows/62ea6c5e557aee001249461a,Pilot Interview Preparation
https://feeds.acast.com/public/shows/635955d6566a76001322cb0f,"Coming In Hot with Wallace, York & Nichols"
https://feeds.acast.com/public/shows/64062096549375001186c39e,Fashion Our Future
https://feeds.acast.com/public/shows/65c4e6b861faed00167918df,Happy Foot Sad Foot: An LAFC Podcast
https://feeds.acast.com/public/shows/65e0d5b7dfdd5a0017e4940e,Wine Spectator's Straight Talk
https://feeds.acast.com/public/shows/6790be01455ab42f9da8a8db,Stick to Rugby
https://feeds.acast.com/public/shows/67bf06baddaea755a7c41553,War Movie Theatre | for Fans of Classic War Films and Cinema History
https://feeds.acast.com/public/shows/6994ecf1c208b1a93139e348,Test Pattern
https://feeds.acast.com/public/shows/c8b945fb-a39f-4be8-b30a-6cd01eef3262,The Infinite Bad
https://feeds.blubrry.com/feeds/1471891.xml,LEMIWorks! Podcast
https://feeds.blubrry.com/feeds/swingingthroughthesixties.xml,Buskin with The Beatles
https://feeds.blubrry.com/feeds/the_drunk_projectionist.xml,The Drunk Projectionist
https://feeds.blubrry.com/feeds/thescimandanpodcast.xml,The SciManDan Podcast
https://feeds.br.de/anna-und-die-wilden-tiere/feed.xml,Anna und die wilden Tiere
https://feeds.captivate.fm/autoimmune-alchemy/,Autoimmune Alchemy
https://feeds.captivate.fm/beautywithatwist/,Beauty with a Twist
https://feeds.captivate.fm/beyond-the-breakdown/,Beyond the Breakdown
https://feeds.captivate.fm/broke-horse-moms/,Broke Horse Moms
https://feeds.captivate.fm/clique-bait/,Cliquebait: A twenty one pilots Podcast
https://feeds.captivate.fm/evolveautism/,EVOLVE with Dr. Tay: the podcast for parents of autistic kids
https://feeds.captivate.fm/financially-free-era/,Financially Free Era by SLP Wealth
https://feeds.captivate.fm/super-suits/,Super Suits
https://feeds.captivate.fm/the-wooden-teeth-show/,The Wooden Teeth Show
https://feeds.captivate.fm/themustangjourney/,The Mustang Journey
https://feeds.fame.so/saas-that-app-building-b2b-web-applications,SaaS That App - Building Tech-Enabled Businesses
https://feeds.feedburner.com/RiseUpAHamiltonPodcastWithMaryBlake,Rise Up!: A Hamilton Podcast With Mary & Blake
https://feeds.feedburner.com/acmeScienceTheOtherHalf,The Other Half
https://feeds.feedburner.com/fsbreak,FSBreak - The Flight Simulator Podcast
https://feeds.megaphone.fm/ADV1383903664,Majority 54
https://feeds.megaphone.fm/BDA5278322133,Knight Light: A Horror Movie Podcast
https://feeds.megaphone.fm/BLU4752868283,FPL BlackBox
https://feeds.megaphone.fm/BLU5639728837,FPL Harry
https://feeds.megaphone.fm/BLU9598812574,The FPL Wire
https://feeds.megaphone.fm/BVLLC5587607745,Doom Scrollin' with Sam Tripoli and Midnight Mike
https://feeds.megaphone.fm/COMG4980121727,"Table Ovale - Saison 1, 2 et 3"
https://feeds.megaphone.fm/LBE1673230962,ZASLOW SHOW 2.0
https://feeds.megaphone.fm/LIT1634408109,Beyond the Page: The Best of the Sun Valley Writers’ Conference
https://feeds.megaphone.fm/NPTNI2770227190,Life Insurance 101 - What You Need to Know
https://feeds.megaphone.fm/NSR2013782049,Not Just Cricket with Mark Nicholas
https://feeds.megaphone.fm/OSPN4984773106,System Mastery
https://feeds.megaphone.fm/ROOSTER3048549296,The Ship-it Show
https://feeds.megaphone.fm/RPSL8043727527,Everything is Black and White - a Newcastle United podcast
https://feeds.megaphone.fm/SHLON9599561752,Pod of Rebellion
https://feeds.megaphone.fm/SSI2949282211,Death Row MMA
https://feeds.megaphone.fm/TSITC5026120744,Tep and Stepp — The Texas High School Football Nerdcast
https://feeds.megaphone.fm/WMHY1994322610,AEW Unrestricted
https://feeds.megaphone.fm/habitsofagoddess,Habits of A Goddess
https://feeds.megaphone.fm/hebrewschooldropouts,Hebrew School Dropouts
https://feeds.megaphone.fm/markoesbarna,MÁRKÓ ÉS BARNA
https://feeds.megaphone.fm/midnightlocal,Midnight Local
https://feeds.megaphone.fm/money-with-katie,The Money with Katie Show
https://feeds.megaphone.fm/runtheriot,Run The Riot Podcast
https://feeds.megaphone.fm/strangeair,Strange Air
https://feeds.megaphone.fm/thebibliofilles,The Bibliofilles
https://feeds.redcircle.com/14327ff1-91c8-4253-93f7-735f30bfdbce,Consenting Adults
https://feeds.redcircle.com/612508ef-d0c1-47f4-878d-391b11a8035d,Sex and Psychology Podcast
https://feeds.redcircle.com/7d7b8027-f503-421c-93ec-76417b2d079e,First Serve with Reya Lee Coe
https://feeds.redcircle.com/c29862cd-5ccc-41c6-92b3-4d6a9566e3e7,Voices of Faith
https://feeds.redcircle.com/ebd125ee-b126-4928-a3e6-36043f69f5de,Dos Yonkos
https://feeds.simplecast.com/4FF7CAnQ,Big Brains
https://feeds.simplecast.com/AF_bB3P_,Cutting Carbon
https://feeds.simplecast.com/FxPyOlup,Dead Pilots Society
https://feeds.simplecast.com/INFw_YLV,Vrain Waves: Teaching Conversations with Minds Shaping Education
https://feeds.simplecast.com/KhIa0xmV,Breaking Free from Narcissistic Abuse
https://feeds.simplecast.com/L7DJ0805,Two Rabbits One Hole
https://feeds.simplecast.com/OAxDjavG,Live Your Love - The Alisha Das Show
https://feeds.simplecast.com/PXYGnRPh,Marvel's Declassified
https://feeds.simplecast.com/R0ZyaHWO,LPNRPG: Bloodbath
https://feeds.simplecast.com/UL7ojohD,"Architecture, Design & Photography"
https://feeds.simplecast.com/WpIK82Oy,Tom Curran’s Patriots Talk Podcast
https://feeds.simplecast.com/afRZlPFn,On The Verge | An Orioles Prospect Podcast
https://feeds.simplecast.com/hz8eUPE6,Soil Matters
https://feeds.simplecast.com/ibNfebJV,MeSsy with Christina Applegate & Jamie Lynn Sigler
https://feeds.simplecast.com/mhVoAkp6,Giving With Impact
https://feeds.simplecast.com/nroyEyaj,"The AEW-some Pod w/ Johnny Taylor, Diana Prince & Gringo Fantastico"
https://feeds.simplecast.com/r7PBX_wM,Live Purely with Elizabeth
https://feeds.simplecast.com/s9XsKfUV,Is This Seat Open?
https://feeds.simplecast.com/uAnNBY_X,Switchblade Sisters
https://feeds.simplecast.com/wuMsskkC,Incomplet Design History
https://feeds.simplecast.com/yVn1SGHS,BirdNote Presents
https://feeds.theincomparable.com/vulcanhello,Vulcan Hello (An aftershow for new Star Trek)
https://feeds.transistor.fm/a-dogs-life-with-anna-webb,A Dog's Life with Anna Webb
https://feeds.transistor.fm/cmd-z,The CMD-Z Show
https://feeds.transistor.fm/mutual-of-omaha-s-wild-kingdom-the-podcast,"Back From the Brink,  from Mutual of Omaha's Wild Kingdom"
https://feeds.transistor.fm/optimise-your-body-with-martin-silva,Optimise Your Body with Martin Silva
https://feeds.transistor.fm/paymentsbrief,"Payments Brief: FinTech, Banking & Payments News"
https://feeds.transistor.fm/raising-wild,Raising Wild
https://feeds.transistor.fm/run-long-run-healthy,Run Long Run Healthy
https://feeds.transistor.fm/safe-travels,Safe Travels
https://feeds.transistor.fm/tafsir-surah-al-baqarah-shaykh-mustafa-abu-rayyan,Tafseer Surah al-Baqarah - Shaykh Mustafa Abu Rayyan
https://feeds.transistor.fm/the-flightbridgeed-podcast,The FlightBridgeED Podcast
https://feeds.transistor.fm/the-marketing-engineer,The Marketing Engineer
https://feeds.transistor.fm/weird-science-manga-anime-podcast,Weird Science Manga & Anime Podcast
https://feeds.transistor.fm/women-in-wildlife,Women in Wildlife
https://guacara.libsyn.com/rss,Guácara
https://ibn-3themen.podomatic.com/rss2.xml,محاضرات للشيخ ابن عثيمين رحمه الله
https://iotpodcast.com/feed/podcast/,The Internet of Things Podcast - Stacey On IoT
https://katiwhitledge.libsyn.com/rss,Beyond The Technique Podcast
https://martinwebber.net/feed/podcast/,Social Work Research Podcast
https://media.podeo.co/rss/MjU2OTc,من قناة وراق Muhabira |  محبرة
https://media.rss.com/backtoyoubobpod/feed.xml,"Back To You, Bob!: A Dawson's Creek Podcast"
https://media.rss.com/eastrosebud/feed.xml,East Rosebud Studios Podcast
https://media.rss.com/farmtractorrepair/feed.xml,Farm Tractor Repair with Dan Gingell
https://media.rss.com/legends-of-ky-tennis-hall-of-fame/feed.xml,Legends of Ky Tennis the Hall of Fame Series
https://media.rss.com/lifeblood-pod/feed.xml,"Lifeblood: Glen Canyon, Lake Powell and the Future of the Colorado River"
https://media.rss.com/mellow-night-music-by-roby-bellini/feed.xml,"Mellow Night Music, Quiet Storm. Blueprint, Velvet Series & Tribute By Roby Bellini"
https://media.rss.com/mutterfly/feed.xml,Mutterfly
https://media.rss.com/plane-brain-the-pilot-license-study-guide/feed.xml,Plane Brain: The Pilot License Study Guide
https://media.rss.com/sobernotsoberpod/feed.xml,SoberNotSoberPod
https://media.rss.com/solitaire-stories-by-andy-hoover/feed.xml,Solitaire Stories by Andy Hoover
https://media.rss.com/the-scottish-food-history-podcast/feed.xml,The Scottish Food History Podcast
https://media.rss.com/thesweetsideoflifepodcast/feed.xml,The Sweet Side Of Life-Swingers Lifestyle Podcast
https://media.rss.com/unleashed-and-unhinged/feed.xml,Unleashed and Unhinged
https://pinecast.com/feed/all-my-fantasy-children,All My Fantasy Children
https://podcast.withthewill.net/feed/,With the Will Digimon Podcast
https://podcasts.helloaudio.fm/podcast/667659f6-a2de-4759-a187-247df102f4e7/fBNRcNnsru,It’s Beyond The Food: Non-Diet Health Coaching
https://qwipster.blubrry.net/feed/podcast/,To the '90s and Beyond! Film Podcast
https://raw.githubusercontent.com/dev-fos/islampodcast/main/%D9%85%D8%AD%D9%85%D8%AF-%D8%A7%D9%84%D8%BA%D9%84%D9%8A%D8%B8/%D9%81%D8%B6%D9%81%D8%B6%D8%A9-%D8%A7%D9%84%D8%A3%D8%AD%D8%AF.xml,فضفضة الأحد | الشيخ - محمد الغليظ
https://raw.githubusercontent.com/dev-fos/islampodcast/main/%D9%85%D8%B4%D8%A7%D8%B1%D9%8A-%D8%A7%D9%84%D8%AE%D8%B1%D8%A7%D8%B2/%D9%83%D9%8A%D9%81-%D8%AA%D8%AA%D8%B9%D8%A7%D9%85%D9%84-%D9%85%D8%B9-%D8%A7%D9%84%D9%84%D9%87%D8%9F-%D8%A7%D9%84%D8%AC%D8%B2%D8%A1-%D8%A7%D9%84%D8%A3%D9%88%D9%84.xml,كيف تتعامل مع الله؟ - الجزء الأول | الشيخ - مشاري الخراز
https://rss.art19.com/inside-star-wars,Inside Star Wars
https://rss.art19.com/that-scene-with-dan-patrick,That Scene with Dan Patrick
https://rss.buzzsprout.com/1139528.rss,The Brian Turner Show
https://rss.buzzsprout.com/1277447.rss,Pattern Shift
https://rss.buzzsprout.com/1280480.rss,Conversations with Dr. Cowan & Friends
https://rss.buzzsprout.com/1289906.rss,The Wadeoutthere Fly Fishing Podcast
https://rss.buzzsprout.com/132993.rss,Art Grind Podcast
https://rss.buzzsprout.com/1353841.rss,The Keep it Simple Stupid DOG Training Podcast
https://rss.buzzsprout.com/1501762.rss,The Track and Field Performance Podcast
https://rss.buzzsprout.com/1550074.rss,The Mechbay
https://rss.buzzsprout.com/1831289.rss,The Shamans Cave
https://rss.buzzsprout.com/1929476.rss,Tennis Solutions for the USTA
https://rss.buzzsprout.com/2007589.rss,The Ambitious Nurse | Career Strategy for High-Performing Nurses Ready to Advance in Leadership
https://rss.buzzsprout.com/2078478.rss,Radar Contact Lost: The Podcast
https://rss.buzzsprout.com/2119835.rss,Honest Tattooer Podcast
https://rss.buzzsprout.com/2146429.rss,Enjoy Your Piping! With Gary West
https://rss.buzzsprout.com/2157050.rss,Demand Decoded: Demand Generation & Business Growth
https://rss.buzzsprout.com/2187782.rss,The Standard Sportsman
https://rss.buzzsprout.com/2192026.rss,What We Thought Would Happen
https://rss.buzzsprout.com/2214860.rss,Hakkeyoi - Let’s Learn Sumo
https://rss.buzzsprout.com/2215178.rss,"The Endurance Coachpreneur: Business Tips for Triathlon, Running and Cycling Coaches"
https://rss.buzzsprout.com/2219414.rss,#skinthusiast: the podcast
https://rss.buzzsprout.com/2281431.rss,Travel Party of 5 | Points & Miles for Family Travel
https://rss.buzzsprout.com/2297334.rss,Golf For Beginners Podcast
https://rss.buzzsprout.com/2419432.rss,"The Flo Show, no filter"
https://rss.buzzsprout.com/2436370.rss,Rejoicing in Hope
https://rss.buzzsprout.com/2459940.rss,The Trust Factor with Jessy Revivo
https://rss.buzzsprout.com/2512198.rss,Self Careapist Therapist Podcast
https://rss.buzzsprout.com/2517108.rss,The Foster Files - Stories about Animal Rescue and Welfare
https://rss.buzzsprout.com/2523986.rss,Trevor Buck Podcast
https://rss.buzzsprout.com/2558662.rss,The ALIM Podcast
https://rss.buzzsprout.com/2564146.rss,SALT PIG
https://rss.buzzsprout.com/2567571.rss,What on Earth?!
https://rss.buzzsprout.com/2572364.rss,Room to Think
https://rss.buzzsprout.com/2605552.rss,"Four Married Men - Luxury Watches, Horology & Collector Culture"
https://rss.buzzsprout.com/2609923.rss,In The Name Of Wax
https://rss.buzzsprout.com/2619725.rss,The Squall Line Podcast
https://rss.buzzsprout.com/2632020.rss,Bent Outta Shape
https://rss.buzzsprout.com/2632063.rss,Toddlers Made Easy with Dr Cathryn
https://rss.buzzsprout.com/555823.rss,The Well Told Tale
https://rss.buzzsprout.com/753692.rss,Leaders In Payments
https://rss.buzzsprout.com/800147.rss,Design the Future
https://rss.buzzsprout.com/879451.rss,The Social Work Bubble Podcast
https://rss.libsyn.com/shows/114075/destinations/643256.xml,Neurodiversity Podcast
https://rss.libsyn.com/shows/119408/destinations/692581.xml,From Stuck To Successful
https://rss.libsyn.com/shows/132183/destinations/807451.xml,On Life and Land
https://rss.libsyn.com/shows/137270/destinations/852317.xml,Stall and Stable: Ideas for Happy Horsekeeping
https://rss.libsyn.com/shows/139364/destinations/5245575.xml,The Structural Engineering Podcast
https://rss.libsyn.com/shows/145931/destinations/928919.xml,Inspired Nonprofit Leadership
https://rss.libsyn.com/shows/164303/destinations/1088075.xml,The CharacterStrong Podcast
https://rss.libsyn.com/shows/165833/destinations/1101389.xml,Not So Wimpy Teacher Podcast
https://rss.libsyn.com/shows/177800/destinations/1205588.xml,The Collector Car Podcast
https://rss.libsyn.com/shows/178346/destinations/1221947.xml,The Rabbi Stark Podcast
https://rss.libsyn.com/shows/180092/destinations/1225604.xml,Crickets to Cha-Chings
https://rss.libsyn.com/shows/190079/destinations/1329551.xml,Rogues Gallery
https://rss.libsyn.com/shows/19835/destinations/18088.xml,Marathon Talk
https://rss.libsyn.com/shows/200471/destinations/1427621.xml,The Lensrentals Podcast
https://rss.libsyn.com/shows/209627/destinations/1510559.xml,Bred to Perfection
https://rss.libsyn.com/shows/210107/destinations/1514702.xml,The Pitmaster's Podcast
https://rss.libsyn.com/shows/219701/destinations/1600085.xml,Mountain & Prairie with Ed Roberson
https://rss.libsyn.com/shows/314081/destinations/2528357.xml,Shakespeare Anyone?
https://rss.libsyn.com/shows/336776/destinations/2745470.xml,Platemark: prints and the printmaking ecosystem
https://rss.libsyn.com/shows/460248/destinations/3880785.xml,Good Faith
https://rss.libsyn.com/shows/477564/destinations/4056255.xml,The Broken Science Podcast
https://rss.libsyn.com/shows/479448/destinations/4075953.xml,The Lead Podcast presented by Heart Rhythm Society
https://rss.libsyn.com/shows/482802/destinations/4111152.xml,PantyNectar Podcast
https://rss.libsyn.com/shows/521133/destinations/4475863.xml,Lignite Energy Council Podcast
https://rss.libsyn.com/shows/539242/destinations/4645332.xml,Around The Block
https://rss.libsyn.com/shows/54094/destinations/197686.xml,Relentless Health Value
https://rss.libsyn.com/shows/543497/destinations/4685162.xml,CMN Church Planting Podcast
https://rss.libsyn.com/shows/57486/destinations/216578.xml,Skywalking Through Neverland: Keeping the Star Wars Magic Alive
https://rss.libsyn.com/shows/615795/destinations/5371245.xml,Psychobabble
https://rss.libsyn.com/shows/61795/destinations/240730.xml,Ginger Runner LIVE
https://rss.libsyn.com/shows/621665/destinations/5466895.xml,The Tempest Universe Podcast
https://rss.libsyn.com/shows/66463/destinations/268002.xml,"Fitness Business Podcast: Leadership, Innovation, and Profit"
https://rss.libsyn.com/shows/79946/destinations/367058.xml,The Dance Podcast
https://rss.libsyn.com/shows/95194/destinations/485908.xml,Rev Left Radio
https://rss.pdrl.fm/543562/feeds.megaphone.fm/one-hit-thunder,One Hit Thunder
https://rss.pdrl.fm/790186/feeds.simplecast.com/T2g9OFjn,Locked On Blues - Daily Podcast On The St. Louis Blues
https://rss.pdrl.fm/7c4bdc/feeds.simplecast.com/i3EmQdgX,Locked On Padres - Daily Podcast On The San Diego Padres
https://rss.pdrl.fm/d82835/feeds.simplecast.com/B5KtLEZT,Nats Chat
https://rss.podplaystudio.com/1210.xml,Superscoreboard
https://rss.qurancentral.com/mishary-rashid-alafasy-english-translation-saheeh-ibrahim-walk.rss,Mishary Rashid Alafasy – English Translation – [Saheeh] – Ibrahim Walk
https://rss2.flightcast.com/vol23v1w5lbw2e5mzhp6867r.xml,the Chiara King Podcast
https://storage.googleapis.com/cvsender/rss/rss_4.rss,Nasser Al Qatami - ناصر القطامي
https://topadvisorpodcast.blubrry.net/feed/podcast/,Top Advisor Podcast
https://watchthiswithrickramos.libsyn.com/rss,Watch This With Rick Ramos
https://www.arch.columbia.edu/media-archive/podcasts/feed,GSAPP Conversations
https://www.cdeadvisors.com/betterwaypodcast?format=rss,The Better Way? Podcast
https://www.miniaturemodelspodcast.com/feed.xml,Miniature Models Podcast
https://www.omnycontent.com/d/playlist/3ea926be-9be7-482a-8ac3-a44f016e43d1/a4c67e84-b8b8-4f61-8ca3-a593004a93a4/282c90dd-153d-4b33-a18c-b33d005192ce/podcast.rss,Watch Party
https://www.omnycontent.com/d/playlist/4809bc8a-e41a-405c-93da-a8cf011df2f4/8023a397-4e67-45d2-9bcb-aec20123ff79/c2f2506f-809e-42c1-b32c-aec201257dce/podcast.rss,Vinyl Tap podcast with Randy Bachman
https://www.omnycontent.com/d/playlist/8350e07c-a3cf-4396-a990-a9e5015c0cf0/ccb22588-7ed8-428c-9ab7-aeae010aafaa/17ca4237-d271-4853-9d2e-aeae010bc068/podcast.rss,STYLE AS IDENTITY
https://www.omnycontent.com/d/playlist/a7b0bd27-d748-4fbe-ab3b-a6fa0049bcf6/0616f6c4-a49e-4d37-a078-b3fa00f94221/7efbcb6c-6968-4d2b-93ba-b3fa00f94661/podcast.rss,KNBR Off Air
https://www.omnycontent.com/d/playlist/ad4ac715-121e-4de7-98e9-a5da0072a7a0/05fb5838-a240-4d4f-baee-ac4d00541a65/80f8435c-551e-4700-a67c-ac4d0055f590/podcast.rss,Get a Grip
https://www.omnycontent.com/d/playlist/e73c998e-6e60-432f-8610-ae210140c5b1/3c997bc4-b826-41a8-8f82-b3e90112c13b/1bdb2949-0cb2-4f1c-94d9-b3e90112c14c/podcast.rss,Rent's Due
https://www.omnycontent.com/d/playlist/e73c998e-6e60-432f-8610-ae210140c5b1/a99a1a27-413e-4ccf-951a-b34801699efe/cf9ad58a-6d76-42ee-8a9d-b34801699f08/podcast.rss,To The Baha
https://www.omnycontent.com/d/playlist/e73c998e-6e60-432f-8610-ae210140c5b1/b2ebc1e0-9a47-4ce5-97ba-b1f4013e6436/5f75a7a0-5a1a-4a4f-95ad-b1f4014213c5/podcast.rss,Levels to This with Sheryl Swoopes and Terrika Foster-Brasby
https://www.omnycontent.com/d/playlist/e73c998e-6e60-432f-8610-ae210140c5b1/da2531e9-7a27-4c06-9356-ae320081e071/f4572821-04cd-482a-94f5-ae320081e0a9/podcast.rss,Feeling Things with Amy & Kat
https://www.omnycontent.com/d/playlist/e73c998e-6e60-432f-8610-ae210140c5b1/eec7f793-5eae-43c3-9f75-ae32006cd900/757185f4-d513-466a-96d3-ae32006cd913/podcast.rss,The End Of The World with Josh Clark
https://www.omnycontent.com/d/playlist/fa64d43e-1285-4f73-948e-aeae00546c65/4492ec39-012c-4872-b402-b17c013dc919/508da6b6-2cf8-4945-bc25-b17c013dc94d/podcast.rss,Soundside
https://www.patreon.com/rss/80117?show=1715683,Everything to Guppy
https://www.spreaker.com/show/4128775/episodes/feed,La bottega di Babbel
https://www.spreaker.com/show/4329766/episodes/feed,What you talking about Willis?
https://www.spreaker.com/show/4746260/episodes/feed,Made of Stars
https://www.spreaker.com/show/4763854/episodes/feed,Forgotten Hollywood
https://www.spreaker.com/show/5064793/episodes/feed,The Sport of Fitness Podcast
https://www.spreaker.com/show/5085980/episodes/feed,The Dinosaur Review for Kids Podcast
https://www.spreaker.com/show/5621080/episodes/feed,Hot Girl Energy Podcast
https://www.spreaker.com/show/5785696/episodes/feed,تفسير الشعراوي كاملاً
https://www.spreaker.com/show/6063853/episodes/feed,Atlanta Housing Unlocked
https://www.spreaker.com/show/6511462/episodes/feed,Astrology with Alice
https://www.spreaker.com/show/6785925/episodes/feed,Space Pirates D&D
https://www.spreaker.com/show/6862987/episodes/feed,Off The Bench
https://www.spreaker.com/show/6874609/episodes/feed,Book of Jubilees
https://www.ximalaya.com/album/115481750.xml,2026♦️抖音最火的1000首热歌大全金典排行榜
https://www.ximalaya.com/album/126602046.xml,Amanda丨慢语
https://www.ximalaya.com/album/79365832.xml,【内涵段子】名人脱口秀现场录制
https://www.ximalaya.com/album/82466521.xml,沉浸式学习背景音乐 | 学习工作专注力集中轻音乐
https://www.ximalaya.com/album/83567320.xml,2025【全网最新最全】中外最好听歌曲
https://www.ximalaya.com/album/94410713.xml,经典粤语歌曲800首
